{"name":"sbt","version":"1.5.5","bspVersion":"2.0.0-M5","languages":["scala"],"argv":["/usr/lib/jvm/java-11-openjdk-amd64/bin/java","-Xms100m","-Xmx100m","-classpath","/home/mouhammad/.local/share/coursier/bin/sbt:/home/mouhammad/.cache/coursier/v1/https/repo1.maven.org/maven2/io/get-coursier/sbt/sbt-runner/0.2.0/sbt-runner-0.2.0.jar:/home/mouhammad/.cache/coursier/v1/https/repo1.maven.org/maven2/org/scala-sbt/sbt-launch/1.5.5/sbt-launch-1.5.5.jar","xsbt.boot.Boot","-bsp","--sbt-launch-jar=/home/mouhammad/.cache/coursier/v1/https/repo1.maven.org/maven2/org/scala-sbt/sbt-launch/1.5.5/sbt-launch-1.5.5.jar"]}